time,Value
2,502
3,501
4,501
5,502
6,501
7,502
8,503
9,505
10,505
11,506
12,508
13,508
14,50
15,509
16,508
17,506
18,505
19,504
20,504
21,504
22,504
23,504
24,505
25,534
26,535
27,534
28,533
29,532
30,530
31,529
32,527
33,525
34,523
35,521
36,518
37,517
38,514
39,512
40,509
41,508
42,506
43,505
44,504
45,504
46,504
47,504
48,504
49,505
50,533
51,523
52,510
53,503
54,501
55,500
56,501
57,503
58,505
59,506
60,507
61,507
62,507
63,507
64,508
65,508
66,508
67,508
68,507
69,508
70,507
71,508
72,508
73,508
74,508
75,508
76,507
77,507
78,506
79,507
80,508
81,506
82,506
83,506
84,505
85,504
86,504
87,504
88,502
89,501
90,501
91,501
92,499
93,499
94,499
95,499
96,500
97,501
98,501
99,503
100,504
101,505
102,506
103,506
104,506
105,506
106,506
107,506
108,505
109,505
110,505
111,505
112,505
113,504
114,504
115,505
116,505
117,506
118,505
119,506
120,506
121,507
122,507
123,509
124,509
125,509
126,509
127,509
128,509
129,509
130,509
131,508
132,508
133,508
134,510
135,510
136,511
137,512
138,514
139,515
140,517
141,519
142,521
143,524
144,525
145,528
146,530
147,532
148,533
149,535
150,535
151,535
152,535
153,534
154,532
155,530
156,526
157,523
158,520
159,517
160,513
161,511
162,508
163,506
164,503
165,502
166,502
167,501
168,501
169,501
170,501
171,502
172,503
173,503
174,503
175,504
176,505
177,505
178,507
179,506
180,507
181,506
182,504
183,504
184,502
185,501
186,501
187,501
188,501
189,501
190,500
191,500
192,500
193,501
194,501
195,501
196,502
197,503
198,503
199,505
200,504
201,504
202,504
203,505
204,506
205,506
206,507
207,508
208,508
209,508
210,507
211,507
212,506
213,506
214,506
215,505
216,505
217,506
218,506
219,506
220,507
221,508
222,508
223,509
224,510
225,510
226,510
227,512
228,512
229,513
230,514
231,515
232,516
233,517
234,519
235,521
236,523
237,524
238,525
239,525
240,526
241,527
242,527
243,527
244,527
245,527
246,525
247,522
248,520
249,517
250,515
251,512
252,509
253,507
254,505
255,504
256,504
257,503
258,503
259,503
260,503
261,503
262,502
263,502
264,501
265,501
266,501
267,502
268,502
269,503
270,503
271,504
272,503
273,504
274,505
275,505
276,505
277,504
278,504
279,504
280,505
281,505
282,505
283,505
284,505
285,505
286,505
287,505
288,506
289,506
290,507
291,507
292,507
293,508
294,508
295,507
296,507
297,507
298,508
299,508
300,507
301,508
302,506
303,504
304,503
305,504
306,505
307,505
308,505
309,506
310,507
311,508
312,508
313,508
314,509
315,510
316,511
317,513
318,517
319,519
320,522
321,524
322,527
323,529
324,533
325,535
326,537
327,539
328,540
329,539
330,539
331,538
332,536
333,533
334,530
335,526
336,523
337,519
338,515
339,512
340,509
341,506
342,504
343,502
344,502
345,501
346,501
347,502
348,503
349,504
350,504
351,505
352,505
353,505
354,505
355,506
356,506
357,505
358,505
359,505
360,505
361,504
362,503
363,503
364,503
365,504
366,505
367,505
368,505
369,507
370,506
371,505
372,504
373,503
374,502
375,501
376,500
377,500
378,500
379,500
380,500
381,500
382,501
383,501
384,501
385,501
386,501
387,502
388,503
389,505
390,506
391,506
392,507
393,509
394,511
395,511
396,511
397,511
398,510
399,509
400,508
401,508
402,507
403,506
404,507
405,507
406,507
407,509
408,512
409,516
410,520
411,524
412,528
413,532
414,535
415,538
416,540
417,541
418,542
419,542
420,541
421,540
422,538
423,536
424,533
425,531
426,529
427,526
428,520
429,516
430,512
431,508
432,505
433,504
434,502
435,501
436,501
437,500
438,501
439,502
440,503
441,503
442,503
443,503
444,504
445,505
446,505
447,506
448,505
449,505
450,503
451,502
452,501
453,500
454,499
455,499
456,499
457,499
458,500
459,501
460,501
461,502
462,501
463,501
464,500
465,500
466,500
467,500
468,501
469,501
470,501
471,502
472,503
473,503
474,503
475,503
476,502
477,503
478,504
479,505
480,506
481,506
482,506
483,505
484,506
485,506
486,507
487,507
488,507
489,507
490,507
491,507
492,507
493,507
494,507
495,507
496,507
497,507
498,509
499,509
500,510
501,512
502,516
503,518
504,522
505,525
506,529
507,532
508,535
509,538
510,540
511,541
512,542
513,542
514,540
515,539
516,537
517,534
518,531
519,528
520,523
521,519
522,516
523,512
524,508
525,505
526,502
527,500
528,500
529,498
530,497
531,498
532,499
533,500
534,502
535,503
536,504
537,505
538,506
539,506
540,506
541,506
542,505
543,504
544,503
545,502
546,502
547,502
548,502
549,501
550,501
551,501
552,501
553,501
554,501
555,501
556,501
557,500
558,499
559,499
560,499
561,499
562,501
563,502
564,503
565,503
566,504
567,505
568,505
569,505
570,506
571,506
572,506
573,506
574,508
575,507
576,507
577,506
578,505
579,504
580,504
581,504
582,503
583,504
584,505
585,507
586,511
587,513
588,517
589,520
590,525
591,528
592,533
593,536
594,539
595,541
596,542
597,543
598,543
599,542
600,541
601,538
602,536
603,533
604,530
605,527
606,523
607,519
608,515
609,511
610,507
611,503
612,501
613,499
614,498
615,497
616,498
617,498
618,499
619,500
620,501
621,501
622,502
623,502
624,502
625,502
626,503
627,503
628,503
629,502
630,502
631,502
632,501
633,501
634,501
635,502
636,502
637,502
638,501
639,501
640,501
641,501
642,501
643,501
644,501
645,501
646,502
647,502
648,502
649,503
650,504
651,505
652,505
653,506
654,506
655,506
656,506
657,506
658,506
659,506
660,506
661,506
662,506
663,506
664,507
665,507
666,506
667,507
668,506
669,506
670,505
671,505
672,505
673,504
674,505
675,505
676,506
677,507
678,507
679,509
680,511
681,515
682,518
683,521
684,525
685,528
686,532
687,535
688,538
689,540
690,542
691,543
692,543
693,542
694,541
695,540
696,537
697,535
698,533
699,529
700,526
701,522
702,519
703,515
704,511
705,509
706,506
707,504
708,503
709,502
710,501
711,501
712,501
713,502
714,503
715,504
716,504
717,504
718,505
719,505
720,505
721,505
722,505
723,505
724,504
725,504
726,504
727,504
728,502
729,501
730,501
731,499
732,498
733,498
734,498
735,498
736,499
737,499
738,501
739,501
740,502
741,503
742,503
743,503
744,503
745,502
746,502
747,502
748,502
749,501
750,500
751,500
752,501
753,501
754,502
755,504
756,504
757,505
758,505
759,506
760,507
761,508
762,508
763,509
764,508
765,509
766,509
767,508
768,508
769,507
770,507
771,507
772,507
773,508
774,509
775,510
776,511
777,513
778,515
779,518
780,521
781,524
782,528
783,531
784,535
785,539
786,541
787,542
788,543
789,543
790,543
791,542
792,541
793,538
794,537
795,534
796,530
797,527
798,524
799,521
800,518
801,514
802,510
803,508
804,504
805,501
806,500
807,499
808,498
809,498
810,498
811,498
812,498
813,499
814,499
815,500
816,500
817,500
818,500
819,500
820,500
821,500
822,501
823,501
824,501
825,501
826,502
827,502
828,503
829,503
830,503
831,503
832,503
833,502
834,502
835,503
836,502
837,502
838,502
839,503
840,503
841,502
842,503
843,501
844,502
845,501
846,501
847,502
848,503
849,503
850,505
851,505
852,506
853,507
854,508
855,508
856,507
857,507
858,507
859,507
860,507
861,507
862,507
863,508
864,507
865,508
866,508
867,508
868,508
869,508
870,509
871,509
872,509
873,509
874,508
875,509
876,510
877,511
878,512
879,514
880,515
881,517
882,520
883,523
884,526
885,529
886,531
887,533
888,534
889,535
890,535
891,535
892,536
893,535
894,535
895,533
896,531
897,528
898,525
899,521
900,518
901,515
902,511
903,509
904,508
905,506
906,505
907,504
908,503
909,503
910,503
911,503
912,503
913,504
914,504
915,504
916,505
917,505
918,505
919,504
920,504
921,503
922,502
923,501
924,501
925,500
926,499
927,501
928,500
929,500
930,500
931,500
932,501
933,501
934,501
935,501
936,501
937,501
938,502
939,502
940,503
941,504
942,505
943,506
944,507
945,507
946,507
947,506
948,506
949,505
950,505
951,505
952,505
953,505
954,505
955,505
956,505
957,504
958,505
959,506
960,507
961,506
962,506
963,506
964,507
965,508
966,508
967,508
968,509
969,509
970,510
971,509
972,510
973,511
974,514
975,518
976,523
977,526
978,530
979,533
980,536
981,537
982,538
983,539
984,539
985,538
986,538
987,537
988,536
989,534
990,530
991,525
992,522
993,518
994,515
995,511
996,508
997,505
998,503
999,501
1000,500
1001,501
1002,502
1003,503
1004,505
1005,506
1006,507
1007,508
1008,508
1009,508
1010,507
1011,507
1012,506
1013,504
1014,504
1015,503
1016,502
1017,501
1018,500
1019,499
1020,498
1021,497
1022,497
1023,497
1024,497
1025,497
1026,498
1027,498
1028,499
1029,500
1030,500
1031,501
1032,501
1033,501
1034,501
1035,501
1036,501
1037,501
1038,501
1039,502
1040,503
1041,503
1042,504
1043,504
1044,506
1045,506
1046,507
1047,507
1048,508
1049,508
1050,508
1051,508
1052,509
1053,509
1054,509
1055,509
1056,509
1057,508
1058,508
1059,508
1060,507
1061,507
1062,507
1063,506
1064,507
1065,507
1066,508
1067,509
1068,512
1069,515
1070,518
1071,522
1072,526
1073,529
1074,532
1075,534
1076,536
1077,538
1078,540
1079,541
1080,541
1081,541
1082,539
1083,538
1084,536
1085,534
1086,531
1087,528
1088,525
1089,521
1090,517
1091,514
1092,510
1093,507
1094,505
1095,504
1096,503
1097,503
1098,503
1099,503
1100,503
1101,503
1102,503
1103,502
1104,502
1105,502
1106,503
1107,503
1108,503
1109,504
1110,504
1111,504
1112,503
1113,503
1114,502
1115,502
1116,502
1117,503
1118,502
1119,501
1120,501
1121,500
1122,500
1123,500
1124,500
1125,500
1126,500
1127,499
1128,500
1129,500
1130,499
1131,500
1132,501
1133,502
1134,503
1135,504
1136,505
1137,504
1138,504
1139,504
1140,504
1141,503
1142,503
1143,502
1144,502
1145,503
1146,503
1147,503
1148,503
1149,504
1150,505
1151,505
1152,505
1153,505
1154,506
1155,505
1156,506
1157,506
1158,507
1159,508
1160,509
1161,510
1162,512
1163,515
1164,517
1165,519
1166,522
1167,525
1168,528
1169,531
1170,535
1171,539
1172,541
1173,543
1174,543
1175,543
1176,542
1177,540
1178,537
1179,534
1180,531
1181,528
1182,525
1183,522
1184,518
1185,515
1186,513
1187,509
1188,507
1189,505
1190,504
1191,502
1192,502
1193,502
1194,502
1195,502
1196,502
1197,503
1198,503
1199,503
1200,502
1201,501
1202,502
1203,502
1204,502
1205,502
1206,502
1207,502
1208,503
1209,502
1210,501
1211,501
1212,500
1213,500
1214,500
1215,500
1216,500
1217,500
1218,500
1219,500
1220,500
1221,501
1222,502
1223,502
1224,503
1225,505
1226,505
1227,505
1228,505
1229,505
1230,504
1231,504
1232,504
1233,503
1234,503
1235,503
1236,503
1237,503
1238,504
1239,504
1240,504
1241,505
1242,505
1243,506
1244,506
1245,507
1246,508
1247,509
1248,510
1249,511
1250,511
1251,512
1252,513
1253,514
1254,516
1255,519
1256,523
1257,526
1258,529
1259,532
1260,535
1261,538
1262,539
1263,540
1264,540
1265,539
1266,539
1267,537
1268,535
1269,531
1270,528
1271,523
1272,520
1273,517
1274,513
1275,509
1276,506
1277,504
1278,501
1279,499
1280,498
1281,497
1282,497
1283,498
1284,499
1285,502
1286,503
1287,504
1288,504
1289,505
1290,506
1291,507
1292,506
1293,506
1294,506
1295,506
1296,504
1297,504
1298,503
1299,502
1300,501
1301,501
1302,500
1303,500
1304,500
1305,500
1306,500
1307,501
1308,501
1309,501
1310,503
1311,504
1312,504
1313,504
1314,504
1315,504
1316,505
1317,505
1318,504
1319,503
1320,502
1321,501
1322,502
1323,502
1324,503
1325,503
1326,504
1327,505
1328,504
1329,505
1330,504
1331,505
1332,505
1333,505
1334,505
1335,505
1336,505
1337,505
1338,507
1339,507
1340,509
1341,510
1342,513
1343,517
1344,520
1345,524
1346,527
1347,531
1348,535
1349,538
1350,543
1351,544
1352,545
1353,546
1354,545
1355,544
1356,542
1357,540
1358,537
1359,535
1360,530
1361,527
1362,523
1363,520
1364,517
1365,513
1366,510
1367,508
1368,506
1369,504
1370,503
1371,503
1372,503
1373,504
1374,504
1375,505
1376,505
1377,505
1378,505
1379,505
1380,504
1381,503
1382,503
1383,503
1384,503
1385,503
1386,502
1387,500
1388,500
1389,500
1390,501
1391,500
1392,500
1393,499
1394,499
1395,499
1396,499
1397,500
1398,501
1399,500
1400,502
1401,502
1402,503
1403,502
1404,503
1405,503
1406,503
1407,502
1408,501
1409,501
1410,500
1411,500
1412,501
1413,501
1414,501
1415,501
1416,501
1417,501
1418,501
1419,501
1420,501
1421,502
1422,503
1423,504
1424,504
1425,505
1426,506
1427,506
1428,507
1429,506
1430,506
1431,505
1432,505
1433,506
1434,507
1435,508
1436,509
1437,512
1438,515
1439,519
1440,523
1441,528
1442,533
1443,537
1444,541
1445,544
1446,545
1447,547
1448,548
1449,547
1450,547
1451,545
1452,543
1453,540
1454,538
1455,534
1456,530
1457,526
1458,521
1459,517
1460,513
1461,509
1462,507
1463,504
1464,503
1465,502
1466,502
1467,502
1468,502
1469,503
1470,503
1471,504
1472,504
1473,505
1474,505
1475,506
1476,506
1477,506
1478,505
1479,504
1480,504
1481,503
1482,502
1483,501
1484,501
1485,501
1486,500
1487,499
1488,498
1489,498
1490,498
1491,498
1492,498
1493,498
1494,498
1495,499
1496,499
1497,499
1498,500
1499,500
1500,500
1501,501
1502,502
1503,504
1504,504
1505,505
1506,505
1507,505
1508,505
1509,505
1510,504
1511,504
1512,504
1513,504
1514,503
1515,503
1516,502
1517,502
1518,502
1519,502
1520,502
1521,503
1522,503
1523,505
1524,505
1525,505
1526,506
1527,506
1528,507
1529,508
1530,508
1531,509
1532,509
1533,510
1534,510
1535,510
1536,511
1537,512
1538,513
1539,517
1540,519
1541,521
1542,524
1543,527
1544,530
1545,533
1546,536
1547,539
1548,541
1549,542
1550,543
1551,543
1552,542
1553,541
1554,539
1555,536
1556,534
1557,530
1558,527
1559,523
1560,519
1561,515
1562,511
1563,508
1564,505
1565,504
1566,503
1567,503
1568,502
1569,503
1570,503
1571,502
1572,503
1573,503
1574,504
1575,504
1576,503
1577,503
1578,503
1579,502
1580,501
1581,500
1582,498
1583,497
1584,497
1585,496
1586,495
1587,496
1588,496
1589,496
1590,497
1591,498
1592,499
1593,501
1594,502
1595,503
1596,504
1597,504
1598,503
1599,503
1600,503
1601,502
1602,502
1603,503
1604,502
1605,503
1606,503
1607,504
1608,504
1609,504
1610,503
1611,503
1612,503
1613,503
1614,504
1615,505
1616,505
1617,506
1618,506
1619,506
1620,506
1621,506
1622,506
1623,506
1624,505
1625,505
1626,505
1627,505
1628,507
1629,509
1630,510
1631,513
1632,515
1633,519
1634,523
1635,525
1636,528
1637,529
1638,531
1639,533
1640,534
1641,536
1642,537
1643,538
1644,537
1645,536
1646,534
1647,532
1648,529
1649,526
1650,523
1651,520
1652,516
1653,512
1654,508
1655,506
1656,503
1657,500
1658,498
1659,497
1660,498
1661,498
1662,498
1663,498
1664,500
1665,501
1666,503
1667,504
1668,505
1669,505
1670,505
1671,505
1672,505
1673,505
1674,504
1675,504
1676,503
1677,503
1678,503
1679,504
1680,504
1681,504
1682,503
1683,503
1684,502
1685,501
1686,501
1687,502
1688,502
1689,502
1690,502
1691,502
1692,502
1693,502
1694,502
1695,502
1696,502
1697,503
1698,504
1699,505
1700,504
1701,505
1702,504
1703,504
1704,504
1705,504
1706,505
1707,505
1708,506
1709,507
1710,507
1711,507
1712,507
1713,508
1714,509
1715,509
1716,510
1717,512
1718,513
1719,516
1720,519
1721,522
1722,525
1723,528
1724,531
1725,535
1726,538
1727,540
1728,541
1729,543
1730,543
1731,543
1732,541
1733,539
1734,537
1735,532
1736,528
1737,523
1738,520
1739,516
1740,512
1741,508
1742,504
1743,502
1744,500
1745,498
1746,498
1747,498
1748,497
1749,498
1750,498
1751,499
1752,500
1753,502
1754,503
1755,503
1756,504
1757,504
1758,504
1759,503
1760,503
1761,503
1762,502
1763,501
1764,500
1765,500
1766,500
1767,500
1768,501
1769,501
1770,502
1771,501
1772,501
1773,501
1774,502
1775,501
1776,502
1777,502
1778,502
1779,501
1780,501
1781,502
1782,502
1783,501
1784,501
1785,501
1786,501
1787,503
1788,504
1789,506
1790,507
1791,507
1792,506
1793,505
1794,504
1795,504
1796,505
1797,505
1798,507
1799,509
1800,511
1801,514
1802,517
1803,521
1804,525
1805,528
1806,533
1807,537
1808,540
1809,542
1810,544
1811,545
1812,545
1813,544
1814,544
1815,542
1816,540
1817,537
1818,534
1819,530
1820,527
1821,523
1822,520
1823,516
1824,513
1825,510
1826,508
1827,505
1828,503
1829,502
1830,501
1831,501
1832,502
1833,502
1834,502
1835,501
1836,502
1837,503
1838,503
1839,504
1840,504
1841,504
1842,504
1843,504
1844,504
1845,504
1846,504
1847,503
1848,502
1849,501
1850,501
1851,502
1852,502
1853,503
1854,502
1855,502
1856,501
1857,501
1858,500
1859,500
1860,500
1861,500
1862,500
1863,501
1864,501
1865,501
1866,501
1867,501
1868,501
1869,501
1870,500
1871,502
1872,502
1873,502
1874,503
1875,503
1876,504
1877,506
1878,507
1879,509
1880,512
1881,517
1882,522
1883,528
1884,534
1885,538
1886,542
1887,544
1888,546
1889,546
1890,547
1891,546
1892,544
1893,541
1894,539
1895,535
1896,532
1897,528
1898,523
1899,519
1900,514
1901,510
1902,508
1903,506
1904,504
1905,501
1906,500
1907,499
1908,500
1909,501
1910,501
1911,502
1912,502
1913,503
1914,503
1915,504
1916,504
1917,504
1918,503
1919,503
1920,503
1921,502
1922,500
1923,500
1924,499
1925,499
1926,499
1927,499
1928,500
1929,499
1930,500
1931,500
1932,501
1933,501
1934,502
1935,503
1936,504
1937,504
1938,504
1939,504
1940,504
1941,503
1942,502
1943,502
1944,502
1945,502
1946,501
1947,501
1948,501
1949,501
1950,500
1951,500
1952,499
1953,501
1954,503
1955,505
1956,506
1957,508
1958,511
1959,516
1960,521
1961,527
1962,534
1963,540
1964,545
1965,550
1966,554
1967,540
1968,546
1969,551
1970,539
1971,545
1972,550
1973,551
1974,536
1975,539
1976,542
1977,543
1978,541
1979,537
1980,533
1981,529
1982,523
1983,518
1984,515
1985,512
1986,509
1987,507
1988,506
1989,505
1990,505
1991,506
1992,505
1993,505
1994,505
1995,505
1996,504
1997,503
1998,503
1999,503
2000,503
2001,502
2002,501
2003,501
2004,501
2005,499
2006,500
2007,499
2008,499
2009,498
2010,496
2011,496
2012,496
2013,495
2014,495
2015,494
2016,494
2017,494
2018,494
2019,493
2020,494
2021,494
2022,495
2023,497
2024,498
2025,500
2026,500
2027,500
2028,500
2029,501
2030,502
2031,503
2032,504
2033,505
2034,505
2035,506
2036,507
2037,510
2038,513
2039,518
2040,524
2041,531
2042,538
2043,545
2044,551
2045,542
2046,550
2047,557
2048,546
2049,553
2050,544
2051,554
2052,544
2053,552
2054,542
2055,549
2056,553
2057,539
2058,542
2059,544
2060,544
2061,541
2062,537
2063,532
2064,526
2065,521
2066,516
2067,512
2068,508
2069,506
2070,504
2071,503
2072,503
2073,503
2074,504
2075,504
2076,504
2077,504
2078,504
2079,504
2080,504
2081,503
2082,502
2083,502
2084,502
2085,501
2086,501
2087,501
2088,500
2089,499
2090,498
2091,497
2092,496
2093,495
2094,495
2095,495
2096,494
2097,493
2098,493
2099,494
2100,494
2101,494
2102,495
2103,495
2104,496
2105,497
2106,497
2107,497
2108,497
2109,498
2110,498
2111,499
2112,499
2113,500
2114,501
2115,501
2116,501
2117,501
2118,501
2119,499
2120,500
2121,500
2122,500
2123,504
2124,507
2125,513
2126,521
2127,530
2128,538
2129,546
2130,553
2131,543
2132,554
2133,546
2134,555
2135,547
2136,557
2137,547
2138,556
2139,545
2140,552
2141,542
2142,548
2143,552
2144,538
2145,540
2146,541
2147,538
2148,534
2149,529
2150,524
2151,518
2152,514
2153,509
2154,506
2155,502
2156,499
2157,497
2158,497
2159,496
2160,496
2161,496
2162,496
2163,497
2164,497
2165,497
2166,497
2167,497
2168,497
2169,497
2170,497
2171,496
2172,496
2173,495
2174,495
2175,495
2176,494
2177,493
2178,493
2179,492
2180,493
2181,492
2182,493
2183,492
2184,493
2185,494
2186,494
2187,495
2188,497
2189,498
2190,499
2191,499
2192,500
2193,500
2194,500
2195,500
2196,499
2197,499
2198,499
2199,499
2200,498
2201,498
2202,497
2203,496
2204,496
2205,495
2206,496
2207,497
2208,498
2209,500
2210,500
2211,501
2212,501
2213,504
2214,506
2215,510
2216,515
2217,521
2218,528
2219,536
2220,543
2221,549
2222,555
2223,543
2224,551
2225,542
2226,551
2227,541
2228,549
2229,555
2230,542
2231,547
2232,550
2233,551
2234,531
2235,533
2236,533
2237,531
2238,528
2239,524
2240,520
2241,515
2242,511
2243,507
2244,505
2245,502
2246,501
2247,501
2248,501
2249,500
2250,501
2251,500
2252,499
2253,499
2254,499
2255,498
2256,497
2257,497
2258,497
2259,496
2260,497
2261,497
2262,496
2263,496
2264,495
2265,496
2266,496
2267,495
2268,494
2269,494
2270,493
2271,492
2272,493
2273,493
2274,493
2275,494
2276,495
2277,497
2278,498
2279,498
2280,498
2281,498
2282,498
2283,499
2284,499
2285,500
2286,500
2287,500
2288,500
2289,500
2290,500
2291,501
2292,501
2293,501
2294,501
2295,501
2296,500
2297,501
2298,502
2299,504
2300,506
2301,509
2302,514
2303,520
2304,527
2305,535
2306,542
2307,548
2308,552
2309,541
2310,550
2311,556
2312,544
2313,551
2314,540
2315,547
2316,552
2317,539
2318,544
2319,548
2320,547
2321,544
2322,539
2323,533
2324,527
2325,521
2326,516
2327,510
2328,505
2329,501
2330,499
2331,496
2332,495
2333,495
2334,496
2335,496
2336,496
2337,498
2338,500
2339,501
2340,502
2341,504
2342,503
2343,503
2344,504
2345,502
2346,501
2347,500
2348,498
2349,497
2350,496
2351,494
2352,492
2353,492
2354,492
2355,491
2356,491
2357,492
2358,491
2359,492
2360,492
2361,493
2362,493
2363,494
2364,495
2365,495
2366,496
2367,497
2368,498
2369,499
2370,500
2371,500
2372,502
2373,502
2374,503
2375,504
2376,503
2377,503
2378,503
2379,503
2380,502
2381,502
2382,502
2383,501
2384,501
2385,502
2386,502
2387,502
2388,502
2389,503
2390,504
2391,506
2392,509
2393,512
2394,517
2395,521
2396,527
2397,533
2398,538
2399,545
2400,549
2401,554
2402,540
2403,548
2404,554
2405,541
2406,548
2407,551
2408,537
2409,540
2410,543
2411,542
2412,539
2413,533
2414,528
2415,522
2416,517
2417,512
2418,507
2419,504
2420,501
2421,500
2422,497
2423,496
2424,495
2425,495
2426,496
2427,496
2428,498
2429,499
2430,500
2431,501
2432,501
2433,501
2434,500
2435,500
2436,499
2437,498
2438,497
2439,497
2440,496
2441,497
2442,496
2443,497
2444,496
2445,495
2446,494
2447,493
2448,493
2449,494
2450,494
2451,495
2452,495
2453,496
2454,497
2455,498
2456,499
2457,499
2458,500
2459,500
2460,500
2461,500
2462,500
2463,500
2464,500
2465,500
2466,500
2467,501
2468,502
2469,502
2470,502
2471,502
2472,503
2473,503
2474,504
2475,505
2476,505
2477,505
2478,506
2479,506
2480,507
2481,507
2482,507
2483,507
2484,507
2485,506
2486,506
2487,507
2488,507
2489,507
2490,509
2491,511
2492,513
2493,517
2494,522
2495,526
2496,531
2497,536
2498,541
2499,544
2500,548
2501,550
2502,551
2503,535
2504,540
2505,544
2506,545
2507,544
2508,542
2509,539
2510,535
2511,530
2512,525
2513,520
2514,517
2515,513
2516,510
2517,507
2518,504
2519,502
2520,500
2521,498
2522,497
2523,497
2524,498
2525,498
2526,498
2527,498
2528,498
2529,499
2530,499
2531,499
2532,499
2533,499
2534,499
2535,499
2536,498
2537,498
2538,498
2539,498
2540,498
2541,498
2542,498
2543,498
2544,498
2545,498
2546,499
2547,498
2548,498
2549,499
2550,498
2551,497
2552,497
2553,497
2554,497
2555,497
2556,497
2557,497
2558,497
2559,498
2560,499
2561,500
2562,501
2563,503
2564,504
2565,505
2566,506
2567,507
2568,507
2569,507
2570,507
2571,507
2572,505
2573,505
2574,504
2575,503
2576,503
2577,502
2578,502
2579,502
2580,503
2581,504
2582,504
2583,504
2584,505
2585,505
2586,506
2587,506
2588,506
2589,508
2590,509
2591,510
2592,512
2593,514
2594,517
2595,520
2596,523
2597,526
2598,529
2599,532
2600,535
2601,538
2602,540
2603,543
2604,545
2605,546
2606,546
2607,546
2608,543
2609,541
2610,538
2611,536
2612,531
2613,526
2614,522
2615,517
2616,513
2617,509
2618,505
2619,502
2620,500
2621,498
2622,497
2623,498
2624,499
2625,499
2626,499
2627,499
2628,499
2629,500
2630,501
2631,503
2632,504
2633,504
2634,504
2635,505
2636,505
2637,504
2638,503
2639,502
2640,501
2641,501
2642,501
2643,501
2644,500
2645,499
2646,499
2647,498
2648,498
2649,498
2650,498
2651,499
2652,498
2653,499
2654,498
2655,499
2656,499
2657,499
2658,500
2659,500
2660,501
2661,501
2662,501
2663,501
2664,502
2665,502
2666,502
2667,502
2668,502
2669,503
2670,504
2671,505
2672,505
2673,505
2674,506
2675,506
2676,506
2677,505
2678,505
2679,506
2680,506
2681,506
2682,506
2683,506
2684,506
2685,506
2686,506
2687,506
2688,507
2689,506
2690,508
2691,508
2692,509
2693,510
2694,512
2695,513
2696,516
2697,519
2698,521
2699,524
2700,527
2701,528
2702,530
2703,531
2704,532
2705,533
2706,535
2707,536
2708,538
2709,537
2710,535
2711,533
2712,531
2713,527
2714,523
2715,519
2716,516
2717,512
2718,508
2719,504
2720,501
2721,500
2722,498
2723,497
2724,497
2725,498
2726,498
2727,498
2728,499
2729,500
2730,500
2731,502
2732,503
2733,502
2734,503
2735,503
2736,503
2737,503
2738,503
2739,502
2740,501
2741,500
2742,501
2743,501
2744,501
2745,501
2746,502
2747,502
2748,503
2749,502
2750,503
2751,504
2752,504
2753,504
2754,504
2755,504
2756,505
2757,505
2758,505
2759,506
2760,506
2761,507
2762,506
2763,506
2764,506
2765,505
2766,505
2767,504
2768,503
2769,503
2770,504
2771,503
2772,503
2773,504
2774,505
2775,505
2776,506
2777,507
2778,507
2779,508
2780,509
2781,509
2782,510
2783,509
2784,509
2785,509
2786,508
2787,507
2788,507
2789,508
2790,509
2791,510
2792,512
2793,514
2794,515
2795,517
2796,520
2797,521
2798,524
2799,526
2800,529
2801,531
2802,532
2803,532
2804,534
2805,534
2806,534
2807,534
2808,533
2809,530
2810,527
2811,523
2812,520
2813,516
2814,513
2815,509
2816,506
2817,504
2818,501
2819,500
2820,499
2821,499
2822,500
2823,501
2824,503
2825,504
2826,504
2827,504
2828,505
2829,506
2830,505
2831,504
2832,505
2833,505
2834,504
2835,504
2836,504
2837,503
2838,504
2839,503
2840,503
2841,503
2842,503
2843,502
2844,503
2845,502
2846,503
2847,502
2848,502
2849,502
2850,502
2851,502
2852,503
2853,503
2854,504
2855,503
2856,504
2857,505
2858,505
2859,506
2860,506
2861,505
2862,506
2863,506
2864,506
2865,506
2866,507
2867,507
2868,508
2869,508
2870,508
2871,509
2872,509
2873,508
2874,508
2875,507
2876,506
2877,506
2878,506
2879,507
2880,507
2881,509
2882,509
2883,510
2884,511
2885,513
2886,514
2887,515
2888,516
2889,518
2890,520
2891,522
2892,524
2893,526
2894,528
2895,528
2896,529
2897,530
2898,530
2899,530
2900,530
2901,530
2902,528
2903,526
2904,524
2905,522
2906,519
2907,518
2908,516
2909,515
2910,513
2911,511
2912,510
2913,508
2914,506
2915,505
2916,504
2917,504
2918,504
2919,504
2920,503
2921,503
2922,502
2923,502
2924,501
2925,502
2926,501
2927,501
2928,502
2929,502
2930,502
2931,502
2932,501
2933,502
2934,502
2935,503
2936,502
2937,503
2938,503
2939,502
2940,503
2941,503
2942,504
2943,504
2944,505
2945,504
2946,502
2947,502
2948,502
2949,502
2950,501
2951,501
2952,502
2953,503
2954,504
2955,505
2956,506
2957,507
2958,506
2959,506
2960,506
2961,506
2962,506
2963,506
2964,507
2965,507
2966,507
2967,507
2968,507
2969,507
2970,507
2971,507
2972,508
2973,509
2974,509
2975,511
2976,514
2977,517
2978,520
2979,523
2980,526
2981,529
2982,531
2983,534
2984,536
2985,538
2986,539
2987,539
2988,539
2989,537
2990,535
2991,531
2992,529
2993,526
2994,523
2995,520
2996,516
2997,513
2998,510
2999,508
3000,506
3001,505
3002,505
3003,504
3004,503
3005,503
3006,504
3007,504
3008,504
3009,503
3010,504
3011,504
3012,503
3013,504
3014,504
3015,505
3016,504
3017,504
3018,504
3019,505
3020,506
3021,505
3022,504
3023,504
3024,504
3025,503
3026,503
3027,503
3028,503
3029,502
3030,502
3031,502
3032,501
3033,501
3034,500
3035,500
3036,500
3037,501
3038,501
3039,502
3040,503
3041,503
3042,504
3043,504
3044,504
3045,505
3046,505
3047,505
3048,506
3049,505
3050,507
3051,507
3052,508
3053,509
3054,508
3055,509
3056,509
3057,509
3058,508
3059,507
3060,505
3061,505
3062,505
3063,505
3064,506
3065,507
3066,509
3067,511
3068,514
3069,516
3070,519
3071,522
3072,525
3073,528
3074,531
3075,534
3076,537
3077,539
3078,540
3079,541
3080,541
3081,541
3082,540
3083,539
3084,535
3085,532
3086,529
3087,525
3088,520
3089,517
3090,514
3091,511
3092,508
3093,505
3094,503
3095,502
3096,502
3097,501
3098,500
3099,501
3100,501
3101,501
3102,502
3103,503
3104,503
3105,503
3106,504
3107,504
3108,505
3109,505
3110,505
3111,505
3112,504
3113,503
3114,503
3115,503
3116,503
3117,503
3118,503
3119,502
3120,502
3121,502
3122,501
3123,501
3124,501
3125,501
3126,501
3127,501
3128,501
3129,502
3130,503
3131,504
3132,503
3133,503
3134,503
3135,503
3136,503
3137,504
3138,505
3139,505
3140,506
3141,506
3142,506
3143,506
3144,506
3145,507
3146,506
3147,506
3148,506
3149,506
3150,506
3151,507
3152,507
3153,508
3154,509
3155,509
3156,509
3157,509
3158,508
3159,508
3160,509
3161,510
3162,509
3163,510
3164,511
3165,513
3166,515
3167,518
3168,521
3169,525
3170,527
3171,529
3172,532
3173,534
3174,536
3175,537
3176,538
3177,537
3178,537
3179,536
3180,535
3181,534
3182,532
3183,529
3184,527
3185,523
3186,520
3187,517
3188,514
3189,511
3190,508
3191,506
3192,506
3193,504
3194,503
3195,502
3196,503
3197,501
3198,501
3199,501
3200,502
3201,503
3202,503
3203,503
3204,504
3205,505
3206,505
3207,505
3208,504
3209,504
3210,502
3211,501
3212,501
3213,501
3214,500
3215,501
3216,500
3217,500
3218,500
3219,499
3220,499
3221,499
3222,499
3223,499
3224,499
3225,500
3226,500
3227,501
3228,501
3229,502
3230,503
3231,504
3232,505
3233,506
3234,507
3235,507
3236,507
3237,507
3238,508
3239,509
3240,509
3241,509
3242,510
3243,509
3244,508
3245,508
3246,507
3247,507
3248,507
3249,507
3250,506
3251,506
3252,506
3253,507
3254,507
3255,507
3256,507
3257,507
3258,508
3259,508
3260,508
3261,509
3262,510
3263,512
3264,513
3265,516
3266,518
3267,521
3268,524
3269,527
3270,530
3271,534
3272,536
3273,538
3274,540
3275,541
3276,541
3277,541
3278,540
3279,539
3280,536
3281,533
3282,530
3283,527
3284,523
3285,519
3286,516
3287,514
3288,513
3289,514
3290,513
3291,513
3292,513
3293,513
3294,513
3295,512
3296,511
3297,510
3298,509
3299,509
3300,508
3301,508
3302,507
3303,506
3304,505
3305,504
3306,502
3307,501
3308,501
3309,500
3310,499
3311,499
3312,499
3313,499
3314,500
3315,500
3316,500
3317,501
3318,502
3319,501
3320,502
3321,503
3322,503
3323,504
3324,506
3325,506
3326,506
3327,506
3328,504
3329,504
3330,503
3331,503
3332,502
3333,501
3334,501
3335,501
3336,501
3337,500
3338,502
3339,503
3340,503
3341,504
3342,505
3343,504
3344,505
3345,505
3346,506
3347,505
3348,505
3349,505
3350,505
3351,505
3352,505
3353,504
3354,504
3355,505
3356,505
3357,507
3358,509
3359,511
3360,513
3361,516
3362,519
3363,522
3364,526
3365,529
3366,531
3367,533
3368,535
3369,537
3370,538
3371,539
3372,539
3373,538
3374,537
3375,534
3376,531
3377,528
3378,524
3379,520
3380,517
3381,514
3382,510
3383,508
3384,506
3385,503
3386,502
3387,501
3388,501
3389,502
3390,502
3391,503
3392,504
3393,505
3394,505
3395,505
3396,506
3397,505
3398,505
3399,505
3400,504
3401,504
3402,503
3403,502
3404,501
3405,500
3406,501
3407,500
3408,501
3409,501
3410,502
3411,501
3412,502
3413,503
3414,502
3415,503
3416,503
3417,504
3418,505
3419,505
3420,505
3421,504
3422,504
3423,504
3424,503
3425,503
3426,503
3427,503
3428,503
3429,504
3430,505
3431,505
3432,505
3433,505
3434,506
3435,505
3436,506
3437,506
3438,506
3439,505
3440,506
3441,506
3442,506
3443,505
3444,505
3445,505
3446,506
3447,506
3448,508
3449,508
3450,511
3451,512
3452,516
3453,518
3454,520
3455,522
3456,525
3457,527
3458,530
3459,531
3460,532
3461,533
3462,532
3463,532
3464,531
3465,531
3466,530
3467,529
3468,528
3469,525
3470,523
3471,520
3472,516
3473,513
3474,509
3475,507
3476,506
3477,504
3478,503
3479,504
3480,504
3481,505
3482,504
3483,505
3484,504
3485,505
3486,505
3487,506
3488,506
3489,506
3490,505
3491,505
3492,505
3493,505
3494,505
3495,504
3496,504
3497,503
3498,504
3499,503
3500,503
3501,503
3502,503
3503,503
3504,503
3505,503
3506,502
3507,503
3508,502
3509,502
3510,501
3511,501
3512,501
3513,501
3514,500
3515,501
3516,502
3517,503
3518,504
3519,505
3520,506
3521,507
3522,507
3523,508
3524,509
3525,508
3526,508
3527,508
3528,508
3529,507
3530,506
3531,506
3532,507
3533,507
3534,507
3535,509
3536,510
3537,509
3538,509
3539,508
3540,507
3541,505
3542,504
3543,504
3544,505
3545,506
3546,508
3547,510
3548,513
3549,517
3550,520
3551,524
3552,527
3553,528
3554,531
3555,533
3556,534
3557,535
3558,535
3559,536
3560,536
3561,535
3562,533
3563,531
3564,528
3565,524
3566,520
3567,516
3568,514
3569,512
3570,509
3571,507
3572,505
3573,503
3574,503
3575,503
3576,503
3577,503
3578,504
3579,503
3580,503
3581,504
3582,505
3583,506
3584,507
3585,507
3586,506
3587,506
3588,505
3589,504
3590,503
3591,503
3592,502
3593,502
3594,502
3595,501
3596,501
3597,501
3598,501
3599,502
3600,502
3601,502
3602,503
3603,503
3604,503
3605,503
3606,503
3607,503
3608,503
3609,503
3610,503
3611,502
3612,503
3613,504
3614,504
3615,505
3616,506
3617,506
3618,507
3619,507
3620,506
3621,506
3622,505
3623,505
3624,505
3625,506
3626,505
3627,505
3628,506
3629,506
3630,506
3631,506
3632,507
3633,508
3634,508
3635,508
3636,509
3637,510
3638,512
3639,512
3640,513
3641,515
3642,517
3643,519
3644,521
3645,523
3646,525
3647,527
3648,528
3649,528
3650,528
3651,529
3652,528
3653,528
3654,527
3655,527
3656,527
3657,526
3658,526
3659,524
3660,521
3661,518
3662,517
3663,515
3664,512
3665,510
3666,508
3667,506
3668,505
3669,504
3670,503
3671,502
3672,502
3673,502
3674,502
3675,502
3676,502
3677,503
3678,504
3679,505
3680,505
3681,505
3682,506
3683,506
3684,506
3685,506
3686,507
3687,506
3688,506
3689,505
3690,504
3691,503
3692,503
3693,503
3694,503
3695,503
3696,504
3697,504
3698,503
3699,504
3700,504
3701,503
3702,502
3703,501
3704,500
3705,499
3706,500
3707,501
3708,502
3709,502
3710,503
3711,504
3712,506
3713,507
3714,508
3715,509
3716,510
3717,511
3718,511
3719,510
3720,510
3721,509
3722,509
3723,509
3724,509
3725,509
3726,509
3727,509
3728,510
3729,510
3730,511
3731,513
3732,515
3733,518
3734,521
3735,523
3736,525
3737,528
3738,530
3739,531
3740,532
3741,533
3742,534
3743,535
3744,535
3745,533
3746,532
3747,530
3748,528
3749,525
3750,523
3751,519
3752,517
3753,514
3754,511
3755,508
3756,506
3757,506
3758,505
3759,503
3760,503
3761,503
3762,503
3763,504
3764,505
3765,505
3766,506
3767,505
3768,504
3769,503
3770,503
3771,503
3772,501
3773,502
3774,501
3775,501
3776,502
3777,502
3778,502
3779,502
3780,502
3781,503
3782,503
3783,503
3784,504
3785,503
3786,502
3787,502
3788,502
3789,502
3790,501
3791,502
3792,502
3793,503
3794,502
3795,503
3796,503
3797,503
3798,504
3799,504
3800,505
3801,505
3802,505
3803,506
3804,506
3805,506
3806,508
3807,507
3808,508
3809,508
3810,508
3811,508
3812,509
3813,510
3814,510
3815,511
3816,511
3817,511
3818,512
3819,513
3820,514
3821,516
3822,518
3823,521
3824,523
3825,525
3826,528
3827,531
3828,533
3829,535
3830,537
3831,539
3832,539
3833,540
3834,540
3835,539
3836,537
3837,535
3838,532
3839,527
3840,523
3841,519
3842,516
3843,512
3844,508
3845,505
3846,504
3847,501
3848,501
3849,500
3850,500
3851,500
3852,500
3853,500
3854,500
3855,501
3856,501
3857,501
3858,502
3859,503
3860,504
3861,504
3862,504
3863,505
3864,505
3865,506
3866,505
3867,504
3868,504
3869,503
3870,503
3871,503
3872,503
3873,502
3874,502
3875,502
3876,501
3877,500
3878,499
3879,499
3880,499
3881,498
3882,498
3883,499
3884,499
3885,499
3886,499
3887,500
3888,502
3889,502
3890,503
3891,504
3892,505
3893,506
3894,506
3895,508
3896,507
3897,507
3898,507
3899,506
3900,506
3901,507
3902,507
3903,508
3904,508
3905,507
3906,507
3907,507
3908,508
3909,508
3910,509
3911,510
3912,512
3913,514
3914,516
3915,519
3916,522
3917,525
3918,529
3919,533
3920,537
3921,540
3922,543
3923,545
3924,547
3925,547
3926,546
3927,544
3928,542
3929,540
3930,538
3931,535
3932,532
3933,528
3934,524
3935,521
3936,516
3937,512
3938,509
3939,507
3940,505
3941,504
3942,503
3943,503
3944,502
3945,502
3946,501
3947,501
3948,500
3949,501
3950,501
3951,502
3952,505
3953,506
3954,507
3955,507
3956,508
3957,507
3958,507
3959,505
3960,504
3961,502
3962,501
3963,500
3964,499
3965,499
3966,498
3967,499
3968,499
3969,500
3970,499
3971,500
3972,500
3973,501
3974,502
3975,502
3976,503
3977,502
3978,502
3979,501
3980,500
3981,500
3982,501
3983,501
3984,501
3985,501
3986,501
3987,502
3988,503
3989,504
3990,504
3991,504
3992,503
3993,503
3994,503
3995,505
3996,506
3997,506
3998,506
3999,505
4000,505
4001,506
4002,507
4003,509
4004,512
4005,515
4006,518
4007,522
4008,526
4009,532
4010,537
4011,540
4012,544
4013,548
4014,550
4015,550
4016,550
4017,550
4018,549
4019,547
4020,545
4021,542
4022,539
4023,534
4024,530
4025,526
4026,520
4027,515
4028,510
4029,506
4030,503
4031,500
4032,499
4033,498
4034,497
4035,497
4036,498
4037,499
4038,499
4039,501
4040,502
4041,503
4042,504
4043,505
4044,506
4045,507
4046,508
4047,508
4048,508
4049,507
4050,504
4051,503
4052,501
4053,499
4054,498
4055,496
4056,497
4057,496
4058,496
4059,496
4060,496
4061,496
4062,496
4063,497
4064,498
4065,498
4066,499
4067,499
4068,500
4069,501
4070,502
4071,503
4072,503
4073,503
4074,503
4075,504
4076,504
4077,504
4078,504
4079,504
4080,504
4081,504
4082,504
4083,505
4084,505
4085,506
4086,506
4087,505
4088,505
4089,505
4090,505
4091,505
4092,505
4093,506
4094,506
4095,507
4096,508
4097,509
4098,511
4099,514
4100,517
4101,519
4102,523
4103,527
4104,531
4105,535
4106,539
4107,542
4108,545
4109,547
4110,549
4111,548
4112,546
4113,544
4114,541
4115,539
4116,536
4117,532
4118,527
4119,522
4120,517
4121,514
4122,511
4123,507
4124,505
4125,503
4126,502
4127,502
4128,502
4129,502
4130,504
4131,504
4132,504
4133,505
4134,506
4135,505
4136,505
4137,504
4138,503
4139,503
4140,502
4141,501
4142,501
4143,501
4144,501
4145,501
4146,500
4147,500
4148,500
4149,498
4150,498
4151,496
4152,496
4153,496
4154,497
4155,498
4156,498
4157,499
4158,500
4159,501
4160,502
4161,503
4162,504
4163,504
4164,505
4165,505
4166,504
4167,504
4168,503
4169,503
4170,503
4171,503
4172,504
4173,505
4174,505
4175,506
4176,506
4177,506
4178,506
4179,505
4180,504
4181,504
4182,504
4183,505
4184,508
4185,510
4186,514
4187,518
4188,522
4189,526
4190,530
4191,536
4192,540
4193,543
4194,545
4195,547
4196,548
4197,549
4198,548
4199,546
4200,544
4201,541
4202,538
4203,535
4204,531
4205,526
4206,521
4207,516
4208,512
4209,508
4210,505
4211,502
4212,501
4213,501
4214,500
4215,500
4216,500
4217,499
4218,500
4219,501
4220,502
4221,502
4222,503
4223,503
4224,503
4225,503
4226,503
4227,502
4228,501
4229,500
4230,499
4231,498
4232,498
4233,497
4234,497
4235,496
4236,496
4237,496
4238,496
4239,496
4240,498
4241,497
4242,498
4243,498
4244,498
4245,500
4246,499
4247,500
4248,500
4249,500
4250,500
4251,502
4252,502
4253,502
4254,503
4255,503
4256,503
4257,503
4258,503
4259,503
4260,504
4261,505
4262,506
4263,507
4264,507
4265,506
4266,507
4267,506
4268,506
4269,507
4270,507
4271,509
4272,511
4273,514
4274,518
4275,522
4276,526
4277,531
4278,535
4279,540
4280,543
4281,546
4282,549
4283,551
4284,536
4285,541
4286,545
4287,548
4288,548
4289,547
4290,546
4291,540
4292,535
4293,529
4294,523
4295,518
4296,512
4297,508
4298,504
4299,502
4300,499
4301,499
4302,498
4303,498
4304,499
4305,499
4306,501
4307,502
4308,503
4309,503
4310,504
4311,504
4312,503
4313,503
4314,502
4315,502
4316,502
4317,501
4318,501
4319,500
4320,500
4321,498
4322,496
4323,496
4324,496
4325,496
4326,496
4327,497
4328,497
4329,497
4330,497
4331,498
4332,498
4333,497
4334,498
4335,498
4336,498
4337,500
4338,500
4339,501
4340,502
4341,502
4342,503
4343,504
4344,504
4345,504
4346,503
4347,503
4348,503
4349,503
4350,503
4351,502
4352,502
4353,503
4354,503
4355,505
4356,506
4357,508
4358,512
4359,516
4360,522
4361,529
4362,535
4363,542
4364,547
4365,552
4366,539
4367,546
4368,553
4369,541
4370,548
4371,553
4372,540
4373,545
4374,549
4375,551
4376,534
4377,537
4378,537
4379,535
4380,530
4381,525
4382,520
4383,516
4384,511
4385,507
4386,506
4387,503
4388,503
4389,503
4390,502
4391,502
4392,501
4393,501
4394,501
4395,500
4396,501
4397,502
4398,502
4399,503
4400,502
4401,502
4402,502
4403,501
4404,500
4405,500
4406,499
4407,499
4408,499
4409,498
4410,498
4411,498
4412,498
4413,497
4414,498
4415,497
4416,497
4417,497
4418,497
4419,498
4420,498
4421,497
4422,497
4423,496
4424,496
4425,497
4426,498
4427,499
4428,499
4429,500
4430,500
4431,500
4432,500
4433,500
4434,500
4435,500
4436,499
4437,498
4438,498
4439,499
4440,499
4441,500
4442,500
4443,501
4444,502
4445,502
4446,504
4447,505
4448,506
4449,509
4450,512
4451,516
4452,520
4453,524
4454,531
4455,537
4456,544
4457,551
4458,540
4459,550
4460,556
4461,545
4462,553
4463,543
4464,551
4465,541
4466,548
4467,553
4468,539
4469,542
4470,543
4471,542
4472,539
4473,536
4474,531
4475,526
4476,522
4477,517
4478,514
4479,510
4480,507
4481,505
4482,502
4483,502
4484,501
4485,502
4486,502
4487,502
4488,503
4489,503
4490,504
4491,503
4492,503
4493,502
4494,500
4495,499
4496,499
4497,498
4498,497
4499,497
4500,497
4501,496
4502,496
4503,496
4504,496
4505,496
4506,497
4507,496
4508,496
4509,497
4510,497
4511,497
4512,498
4513,499
4514,499
4515,500
4516,500
4517,500
4518,500
4519,499
4520,498
4521,498
4522,498
4523,497
4524,497
4525,497
4526,497
4527,498
4528,500
4529,500
4530,501
4531,502
4532,502
4533,502
4534,503
4535,503
4536,504
4537,504
4538,504
4539,504
4540,504
4541,507
4542,508
4543,510
4544,513
4545,516
4546,519
4547,523
4548,527
4549,532
4550,538
4551,543
4552,548
4553,553
4554,541
4555,548
4556,555
4557,542
4558,548
4559,553
4560,540
4561,545
4562,548
4563,548
4564,545
4565,541
4566,537
4567,532
4568,527
4569,520
4570,515
4571,509
4572,505
4573,503
4574,500
4575,499
4576,499
4577,500
4578,501
4579,502
4580,503
4581,503
4582,504
4583,504
4584,504
4585,504
4586,504
4587,503
4588,503
4589,502
4590,501
4591,501
4592,501
4593,500
4594,500
4595,500
4596,499
4597,499
4598,498
4599,497
4600,497
4601,496
4602,496
4603,497
4604,496
4605,496
4606,496
4607,496
4608,496
4609,496
4610,496
4611,497
4612,497
4613,497
4614,498
4615,498
4616,499
4617,499
4618,500
4619,500
4620,500
4621,501
4622,501
4623,502
4624,501
4625,502
4626,502
4627,502
4628,501
4629,501
4630,501
4631,502
4632,502
4633,503
4634,503
4635,505
4636,505
4637,506
4638,507
4639,509
4640,511
4641,514
4642,518
4643,524
4644,529
4645,533
4646,538
4647,544
4648,549
4649,553
4650,540
4651,547
4652,552
4653,540
4654,546
4655,550
4656,551
4657,535
4658,538
4659,539
4660,537
4661,534
4662,529
4663,524
4664,517
4665,513
4666,509
4667,506
4668,503
4669,502
4670,500
4671,499
4672,499
4673,498
4674,499
4675,499
4676,500
4677,500
4678,501
4679,500
4680,500
4681,499
4682,500
4683,500
4684,498
4685,498
4686,499
4687,499
4688,497
4689,497
4690,497
4691,498
4692,498
4693,496
4694,496
4695,496
4696,496
4697,496
4698,497
4699,497
4700,498
4701,497
4702,498
4703,498
4704,498
4705,498
4706,499
4707,499
4708,499
4709,499
4710,499
4711,500
4712,499
4713,500
4714,501
4715,500
4716,501
4717,502
4718,503
4719,504
4720,505
4721,505
4722,505
4723,506
4724,505
4725,505
4726,505
4727,506
4728,506
4729,506
4730,508
4731,510
4732,513
4733,517
4734,521
4735,525
4736,530
4737,535
4738,540
4739,546
4740,550
4741,555
4742,543
4743,549
4744,555
4745,542
4746,548
4747,552
4748,537
4749,542
4750,544
4751,543
4752,541
4753,536
4754,531
4755,524
4756,519
4757,513
4758,507
4759,504
4760,501
4761,498
4762,498
4763,497
4764,497
4765,498
4766,498
4767,498
4768,499
4769,500
4770,500
4771,500
4772,500
4773,500
4774,500
4775,499
4776,498
4777,498
4778,498
4779,497
4780,497
4781,497
4782,497
4783,496
4784,496
4785,497
4786,495
4787,494
4788,494
4789,494
4790,494
4791,494
4792,495
4793,497
4794,497
4795,497
4796,498
4797,498
4798,499
4799,499
4800,500
4801,501
4802,501
4803,501
4804,502
4805,502
4806,501
4807,501
4808,501
4809,501
4810,502
4811,502
4812,503
4813,503
4814,504
4815,504
4816,506
4817,506
4818,506
4819,506
4820,507
4821,507
4822,507
4823,508
4824,509
4825,512
4826,515
4827,519
4828,524
4829,528
4830,533
4831,538
4832,543
4833,547
4834,551
4835,538
4836,545
4837,551
4838,538
4839,545
4840,548
4841,550
4842,549
4843,547
4844,544
4845,539
4846,533
4847,527
4848,521
4849,515
4850,509
4851,505
4852,500
4853,497
4854,495
4855,495
4856,495
4857,496
4858,497
4859,497
4860,498
4861,499
4862,500
4863,501
4864,502
4865,503
4866,503
4867,504
4868,503
4869,502
4870,501
4871,501
4872,501
4873,502
4874,501
4875,501
4876,501
4877,501
4878,500
4879,500
4880,499
4881,498
4882,497
4883,496
4884,495
4885,496
4886,496
4887,497
4888,498
4889,499
4890,501
4891,502
4892,503
4893,504
4894,505
4895,505
4896,506
4897,506
4898,506
4899,504
4900,503
4901,503
4902,502
4903,501
4904,500
4905,499
4906,499
4907,499
4908,499
4909,499
4910,499
4911,500
4912,501
4913,502
4914,503
4915,505
4916,505
4917,508
4918,509
4919,511
4920,515
4921,519
4922,523
4923,528
4924,534
4925,538
4926,544
4927,548
4928,552
4929,540
4930,547
4931,554
4932,542
4933,549
4934,553
4935,540
4936,546
4937,548
4938,548
4939,545
4940,541
4941,536
4942,530
4943,524
4944,518
4945,513
4946,509
4947,505
4948,502
4949,500
4950,499
4951,499
4952,499
4953,499
4954,500
4955,501
4956,502
4957,503
4958,503
4959,502
4960,502
4961,502
4962,502
4963,502
4964,501
4965,500
4966,499
4967,499
4968,499
4969,498
4970,497
4971,496
4972,496
4973,496
4974,496
4975,497
4976,497
4977,497
4978,497
4979,497
4980,497
4981,497
4982,497
4983,498
4984,498
4985,498
4986,499
4987,499
4988,500
4989,500
4990,501
4991,500
4992,500
4993,500
4994,500
4995,500
4996,500
4997,501
4998,502
4999,501
5000,500
5001,501
5002,502
5003,501
5004,500
5005,500
5006,501
5007,501
5008,501
5009,502
5010,504
5011,507
5012,510
5013,514
5014,519
5015,524
5016,529
5017,535
5018,540
5019,545
5020,550
5021,554
5022,541
5023,547
5024,552
5025,539
5026,545
5027,549
5028,550
5029,549
5030,547
5031,543
5032,538
5033,531
5034,525
5035,519
5036,514
5037,510
5038,505
5039,502
5040,500
5041,498
5042,497
5043,498
5044,498
5045,498
5046,498
5047,498
5048,498
5049,499
5050,499
5051,500
5052,500
5053,499
5054,498
5055,497
5056,498
5057,498
5058,498
5059,498
5060,498
5061,497
5062,497
5063,498
5064,497
5065,497
5066,497
5067,497
5068,497
5069,498
5070,498
5071,498
5072,496
5073,497
5074,496
5075,496
5076,497
5077,496
5078,497
5079,497
5080,497
5081,498
5082,498
5083,499
5084,500
5085,501
5086,502
5087,503
5088,504
5089,505
5090,505
5091,505
5092,505
5093,505
5094,503
5095,501
5096,501
5097,501
5098,502
5099,503
5100,505
5101,506
5102,508
5103,510
5104,513
5105,517
5106,520
5107,525
5108,529
5109,534
5110,540
5111,545
5112,549
5113,552
5114,539
5115,544
5116,549
5117,550
5118,550
5119,549
5120,546
5121,542
5122,537
5123,532
5124,526
5125,520
5126,514
5127,508
5128,504
5129,501
5130,498
5131,496
5132,496
5133,495
5134,495
5135,495
5136,495
5137,496
5138,498
5139,499
5140,501
5141,503
5142,503
5143,503
5144,504
5145,504
5146,503
5147,502
5148,502
5149,502
5150,500
5151,499
5152,499
5153,499
5154,499
5155,500
5156,499
5157,499
5158,500
5159,501
5160,500
5161,501
5162,500
5163,500
5164,500
5165,501
5166,501
5167,501
5168,500
5169,501
5170,501
5171,501
5172,502
5173,503
5174,503
5175,504
5176,504
5177,504
5178,503
5179,504
5180,503
5181,503
5182,504
5183,504
5184,505
5185,505
5186,505
5187,507
5188,507
5189,507
5190,508
5191,507
5192,507
5193,508
5194,509
5195,513
5196,516
5197,520
5198,523
5199,528
5200,532
5201,536
5202,540
5203,545
5204,549
5205,551
5206,537
5207,545
5208,549
5209,551
5210,535
5211,539
5212,541
5213,540
5214,536
5215,532
5216,528
5217,523
5218,518
5219,514
5220,509
5221,506
5222,504
5223,502
5224,501
5225,500
5226,499
5227,499
5228,500
5229,500
5230,501
5231,502
5232,502
5233,503
5234,503
5235,502
5236,501
5237,501
5238,502
5239,501
5240,501
5241,501
5242,501
5243,500
5244,501
5245,500
5246,500
5247,500
5248,500
5249,500
5250,499
5251,498
5252,498
5253,497
5254,497
5255,498
5256,499
5257,498
5258,499
5259,499
5260,499
5261,498
5262,499
5263,500
5264,500
5265,501
5266,502
5267,502
5268,502
5269,503
5270,502
5271,501
5272,501
5273,500
5274,500
5275,500
5276,500
5277,501
5278,502
5279,503
5280,504
5281,504
5282,506
5283,506
5284,506
5285,506
5286,507
5287,507
5288,508
5289,509
5290,511
5291,513
5292,516
5293,519
5294,523
5295,527
5296,531
5297,536
5298,540
5299,545
5300,548
5301,551
5302,538
5303,545
5304,551
5305,538
5306,544
5307,548
5308,549
5309,549
5310,546
5311,542
5312,537
5313,532
5314,526
5315,520
5316,515
5317,510
5318,505
5319,502
5320,500
5321,499
5322,498
5323,499
5324,500
5325,501
5326,500
5327,501
5328,501
5329,502
5330,502
5331,503
5332,503
5333,503
5334,502
5335,502
5336,502
5337,500
5338,499
5339,497
5340,496
5341,496
5342,496
5343,496
5344,495
5345,495
5346,495
5347,495
5348,495
5349,495
5350,495
5351,496
5352,497
5353,498
5354,499
5355,500
5356,501
5357,502
5358,502
5359,503
5360,503
5361,502
5362,502
5363,501
5364,502
5365,502
5366,502
5367,501
5368,501
5369,501
5370,501
5371,502
5372,502
5373,503
5374,505
5375,505
5376,504
5377,504
5378,504
5379,504
5380,504
5381,505
5382,506
5383,509
5384,512
5385,516
5386,521
5387,527
5388,534
5389,540
5390,546
5391,552
5392,541
5393,549
5394,556
5395,543
5396,549
5397,553
5398,540
5399,545
5400,548
5401,548
5402,546
5403,543
5404,539
5405,533
5406,528
5407,521
5408,516
5409,511
5410,506
5411,502
5412,500
5413,498
5414,497
5415,498
5416,499
5417,499
5418,500
5419,501
5420,502
5421,502
5422,501
5423,501
5424,501
5425,500
5426,499
5427,499
5428,498
5429,497
5430,496
5431,496
5432,496
5433,495
5434,495
5435,496
5436,497
5437,497
5438,498
5439,498
5440,499
5441,499
5442,499
5443,500
5444,500
5445,500
5446,501
5447,502
5448,502
5449,502
5450,502
5451,502
5452,501
5453,500
5454,499
5455,499
5456,499
5457,499
5458,500
5459,500
5460,500
5461,499
5462,499
5463,500
5464,500
5465,500
5466,500
5467,502
5468,503
5469,504
5470,504
5471,505
5472,506
5473,507
5474,506
5475,506
5476,505
5477,506
5478,507
5479,508
5480,512
5481,516
5482,522
5483,528
5484,534
5485,541
5486,547
5487,552
5488,541
5489,550
5490,557
5491,545
5492,552
5493,543
5494,551
5495,541
5496,549
5497,552
5498,537
5499,540
5500,541
5501,539
5502,536
5503,530
5504,524
5505,519
5506,514
5507,510
5508,507
5509,506
5510,504
5511,503
5512,503
5513,502
5514,501
5515,502
5516,502
5517,502
5518,503
5519,502
5520,503
5521,502
5522,502
5523,501
5524,500
5525,499
5526,500
5527,499
5528,498
5529,497
5530,496
5531,496
5532,495
5533,495
5534,495
5535,494
5536,493
5537,494
5538,495
5539,496
5540,496
5541,497
5542,498
5543,497
5544,498
5545,498
5546,499
5547,500
5548,500
5549,500
5550,501
5551,500
5552,501
5553,500
5554,499
5555,500
5556,499
5557,500
5558,500
5559,500
5560,500
5561,500
5562,502
5563,502
5564,502
5565,503
5566,504
5567,504
5568,504
5569,505
5570,504
5571,504
5572,504
5573,504
5574,506
5575,508
5576,511
5577,516
5578,522
5579,528
5580,536
5581,544
5582,551
5583,541
5584,552
5585,545
5586,556
5587,548
5588,559
5589,550
5590,559
5591,548
5592,554
5593,542
5594,548
5595,551
5596,535
5597,538
5598,537
5599,535
5600,530
5601,525
5602,521
5603,516
5604,512
5605,509
5606,505
5607,504
5608,503
5609,502
5610,502
5611,502
5612,502
5613,502
5614,502
5615,502
5616,500
5617,500
5618,499
5619,499
5620,498
5621,498
5622,498
5623,498
5624,497
5625,496
5626,496
5627,496
5628,495
5629,495
5630,494
5631,493
5632,492
5633,493
5634,494
5635,494
5636,494
5637,494
5638,496
5639,496
5640,497
5641,498
5642,498
5643,498
5644,498
5645,498
5646,499
5647,499
5648,499
5649,499
5650,499
5651,498
5652,498
5653,498
5654,498
5655,498
5656,500
5657,500
5658,500
5659,500
5660,499
5661,500
5662,500
5663,501
5664,501
5665,501
5666,502
5667,502
5668,503
5669,503
5670,503
5671,504
5672,506
5673,509
5674,514
5675,519
5676,526
5677,534
5678,541
5679,550
5680,557
5681,547
5682,557
5683,549
5684,559
5685,551
5686,545
5687,556
5688,548
5689,558
5690,547
5691,554
5692,542
5693,546
5694,547
5695,545
5696,540
5697,535
5698,530
5699,525
5700,520
5701,516
5702,513
5703,510
5704,509
5705,508
5706,508
5707,507
5708,507
5709,507
5710,507
5711,506
5712,506
5713,505
5714,505
5715,504
5716,503
5717,503
5718,501
5719,500
5720,499
5721,497
5722,496
5723,494
5724,493
5725,492
5726,491
5727,491
5728,491
5729,492
